title,company,link,id,upload_date,purge_date,status
"Ethics & Compliance Officer, Gulf",GSK,https://gsk.wd5.myworkdayjobs.com/en-us/GSKCareers/job/UAE---Dubai/Ethics---Compliance-Officer--Gulf_355109,355109,2022-12-06,2022-12-09,expired
"Director, Value Evidence & Outcomes (VEO) - General Medicine",GSK,https://gsk.wd5.myworkdayjobs.com/en-us/GSKCareers/job/Singapore---Rochester-Park/Director--Value-Evidence---Outcomes--VEO----General-Medicine_353225,353225,2022-12-06,2022-12-10,expired
Financial Planning - Analysis Manager - Gulf,Novartis,https://www.novartis.com/careers/career-search/job-details/357260br/financial-planning-analysis-manager-gulf,357260br,2022-12-06,2022-12-15,expired
Labelling Lead Gulf - Levant,Novartis,https://www.novartis.com/careers/career-search/job-details/358051br/labelling-lead-gulf-levant,358051br,2022-12-06,2022-12-15,expired
Product Specialist Bio (Oncology),Novartis,https://www.novartis.com/careers/career-search/job-details/357692br/product-specialist-bio-oncology,357692br,2022-12-06,2022-12-15,expired
"Product Specialist, Bio (Immunology)",Novartis,https://www.novartis.com/careers/career-search/job-details/357695br/product-specialist-bio-immunology,357695br,2022-12-06,2023-02-04,expired
"Therapeutic Area Partner (MS) – Dubai, UAE",Novartis,https://www.novartis.com/careers/career-search/job-details/356902br/therapeutic-area-partner-ms-dubai-uae,356902br,2022-12-06,2022-12-15,expired
"DRA Associate, UAE",Novartis,https://www.novartis.com/careers/career-search/job-details/356002br/dra-associate-uae,356002br,2022-12-06,2022-12-15,expired
"Medical Representative, UAE",Novartis,https://www.novartis.com/careers/career-search/job-details/356245br/medical-representative-uae,356245br,2022-12-06,2022-12-15,expired
Digital Solutions Manager,Astrazeneca,https://careers.astrazeneca.com//job/dubai/digital-solutions-manager/7684/40974399840,40974399840,2022-12-06,2022-12-16,expired
Acute Care Project Manager - Gulf,Astrazeneca,https://careers.astrazeneca.com//job/dubai/acute-care-project-manager-gulf/7684/40696133440,40696133440,2022-12-06,2022-12-17,expired
Account Manager - Private Market,Pfizer,https://pfizer.wd1.myworkdayjobs.com/ru-RU/PfizerCareers/job/United-Arab-Emirates---Dubai/Account-Manager---Private-Market_4872990-1,4872990,2022-12-06,2022-12-10,expired
Consumer Brand Manager,Pfizer,https://pfizer.wd1.myworkdayjobs.com/ru-RU/PfizerCareers/job/United-Arab-Emirates---Dubai/Consumer-Brand-Manager_4872994-1,4872994,2022-12-06,2022-12-10,expired
Professional health representative - Abu Dhabi,Pfizer,https://pfizer.wd1.myworkdayjobs.com/ru-RU/PfizerCareers/job/United-Arab-Emirates---Dubai/Professional-health-representative---Abu-Dhabi_4872557,4872557,2022-12-06,2022-12-09,expired
Medical Science Liaison Migraine,Pfizer,https://pfizer.wd1.myworkdayjobs.com/ru-RU/PfizerCareers/job/United-Arab-Emirates---Dubai/Medical-Science-Liaison-Migraine_4872630-1,4872630,2022-12-06,2022-12-09,expired
"Professional Health Representative , Inflammation & Immunology , Abu Dhabi",Pfizer,https://pfizer.wd1.myworkdayjobs.com/ru-RU/PfizerCareers/job/United-Arab-Emirates---Dubai/Professional-Health-Representative---Inflammation---Immunology---Abu-Dhabi_4863924-1,4863924,2022-12-06,2022-12-07,expired
Commercial Quality Lead,Jonson Jonson,https://jobs.jnj.com//en/jobs/2206091337w/commercial-quality-lead/,2206091337w,2022-12-06,2022-12-19,expired
Assistant Brand Manager Intern,Jonson Jonson,https://jobs.jnj.com//en/jobs/2206088307w/assistant-brand-manager-intern/,2206088307w,2022-12-06,2023-01-27,expired
Intern - CHC TME Analyst,Sanofi,https://en.jobs.sanofi.com/job/dubai/intern-chc-tme-analyst/20873/40586026192,40586026192,2022-12-06,2022-12-15,expired
Product Specialist - Specialty - Abu Dhabi,AbbVie,https://careers.abbvie.com//en/job/abu-dhabi/product-specialist-specialty-abu-dhabi/14/40691134400,40691134400,2022-12-06,2022-12-08,expired
GCC Medical Associate Director - Rare Disease,Astrazeneca,https://careers.astrazeneca.com//job/dubai/gcc-medical-associate-director-rare-disease/7684/41085615984,41085615984,2022-12-07,2022-12-18,expired
GCC Business Unit Director - Rare Disease,Astrazeneca,https://careers.astrazeneca.com//job/dubai/gcc-business-unit-director-rare-disease/7684/41085615552,41085615552,2022-12-07,2022-12-18,expired
Talent Acquisition Partner Early In Career EMEA in Dubai,Jonson Jonson,https://jobs.jnj.com//en/jobs/2206094224w/talent-acquisition-partner-early-in-career-emea-in-dubai/,2206094224w,2022-12-07,2023-02-28,expired
Medical Representative Abu Dhabi,Boehringer Ingelheim,https://tas-boehringer.taleo.net/careersection/global+template+career+section+28external29/jobdetail.ftl?job=2215253,2215253,2022-12-07,2023-01-27,expired
Administration Intern,Boehringer Ingelheim,https://tas-boehringer.taleo.net/careersection/global+template+career+section+28external29/jobdetail.ftl?job=2215092,2215092,2022-12-07,2023-01-18,expired
Associate Principal - PPG (Payer/Provider/Government) - Healthcare Consulting Saudi Arabia,IQVIA,https://jobs.iqvia.com//job/riyadh/associate-principal-ppg-payer-provider-government-healthcare-consulting-saudi-arabia/24443/41075085232,R1338527,2022-12-07,2022-12-14,expired
Regulatory Affairs Manager UAE– GDD,Novartis,https://www.novartis.com/careers/career-search/job-details/358047br/regulatory-affairs-manager-uae-gdd,358047br,2022-12-08,2022-12-15,expired
Senior Technology Auditor,Jonson Jonson,https://jobs.jnj.com//en/jobs/2206071847w/senior-technology-auditor/,2206071847w,2022-12-09,2023-03-20,expired
Business Planning Co-Ordinator - VIE Contract (W/M),Sanofi,https://en.jobs.sanofi.com/job/dubai/business-planning-co-ordinator-vie-contract-w-m/20873/41144784528,41144784528,2022-12-09,2023-02-04,expired
 Medical Representative - Kuwait ,STADA,https://jobs.stada.com/job/Medical-Representative-Kuwait/874608601,874608601,2022-12-12,2023-01-01,expired
Franchise Head Synagis,Astrazeneca,https://careers.astrazeneca.com//job/jeddah/franchise-head-synagis/7684/41544886512,41544886512,2022-12-16,2022-12-29,expired
Franchise Head Severe Asthma (Fasenra/Tezspire),Astrazeneca,https://careers.astrazeneca.com//job/dubai/franchise-head-severe-asthma-fasenra-tezspire/7684/41544886448,41544886448,2022-12-16,2022-12-29,expired
Franchise Head COVID,Astrazeneca,https://careers.astrazeneca.com//job/dubai/franchise-head-covid/7684/41544870416,41544870416,2022-12-16,2022-12-29,expired
"IT End User, Workplace & Site Experience Specialist (Outsourced)",Roche,https://careers.roche.com/global/en/job/ROCHGLOBAL202212142736EXTERNALENGLOBAL,ROCHGLOBAL202212142736EXTERNALENGLOBAL,2022-12-16,2023-04-13,expired
Market Access Manager IMETA,Boehringer Ingelheim,https://tas-boehringer.taleo.net/careersection/global+template+career+section+28external29/jobdetail.ftl?job=2214980,2214980,2022-12-16,2023-02-14,expired
Submission Management Senior Associate,AbbVie,https://careers.abbvie.com//en/job/dubai/submission-management-senior-associate/14/41566591360,41566591360,2022-12-16,2022-12-28,expired
HR Operations Specialist (12 months only),Roche,https://careers.roche.com/global/en/job/ROCHGLOBAL202212142816EXTERNALENGLOBAL,ROCHGLOBAL202212142816EXTERNALENGLOBAL,2022-12-17,2023-01-01,expired
 Regional VTS Manager IMETA,Boehringer Ingelheim,https://tas-boehringer.taleo.net/careersection/global+template+career+section+28external29/jobdetail.ftl?job=229175,229175,2022-12-19,2023-01-13,expired
Professional Health Representative,Pfizer,https://pfizer.wd1.myworkdayjobs.com/ru-RU/PfizerCareers/job/United-Arab-Emirates---Dubai/Professional-Health-Representative_4874628-1,4874628,2022-12-21,2023-01-02,expired
Respiratory MSL,Astrazeneca,https://careers.astrazeneca.com//job/dubai/respiratory-msl/7684/41877433984,41877433984,2022-12-22,2022-12-31,expired
Professional Health Representative,Pfizer,https://pfizer.wd1.myworkdayjobs.com/ru-RU/PfizerCareers/job/United-Arab-Emirates---Dubai/Professional-Health-Representative_4874878,4874878,2022-12-22,2022-12-24,expired
Pharmacovigilance and Regulatory Affairs Specialist,Novo Nordisk,https://www.novonordisk.com/content/nncorp/global/en/careers/find-a-job/job-ad.270126.en_GB.html,270126.en_GB,2022-12-22,2023-01-06,expired
Product Specialist - Allergan Aesthetics,AbbVie,https://careers.abbvie.com//en/job/dubai/product-specialist-allergan-aesthetics/14/42141416304,42141416304,2022-12-27,2023-01-06,expired
Continuous Improvement & Real Estate and Facility Manager IMETA ,Boehringer Ingelheim,https://tas-boehringer.taleo.net/careersection/global+template+career+section+28external29/jobdetail.ftl?job=2215019,2215019,2023-01-03,2023-02-23,expired
Consumer Marketing Manager,GSK,https://gsk.wd5.myworkdayjobs.com/en-us/GSKCareers/job/UAE---Dubai/Marketing-Manager---Consumer_351999-1,351999,2023-01-06,2023-01-10,expired
First Line Sales Leader,GSK,https://gsk.wd5.myworkdayjobs.com/en-us/GSKCareers/job/UAE---Dubai/First-Line-Sales-Leader_354270-1,354270,2023-01-06,2023-01-10,expired
Medical Representative,Astrazeneca,https://careers.astrazeneca.com//job/dubai/medical-representative/7684/42607398400,42607398400,2023-01-06,2023-01-13,expired
Senior Accountant,Pfizer,https://pfizer.wd1.myworkdayjobs.com/ru-RU/PfizerCareers/job/United-Arab-Emirates---Dubai/Senior-Accountant_4875308,4875308,2023-01-06,2023-01-17,expired
Demand Management Intern,Boehringer Ingelheim,https://tas-boehringer.taleo.net/careersection/global+template+career+section+28external29/jobdetail.ftl?job=230091,230091,2023-01-06,2023-01-20,expired
Marketing Lead,Sanofi,https://en.jobs.sanofi.com/job/dubai/marketing-lead/20873/42664541072,42664541072,2023-01-07,2023-01-15,expired
"Head of Shopper Marketing Africa, Middle East &amp; Turkey",Jonson Jonson,https://jobs.jnj.com//en/jobs/2306098911w/head-of-shopper-marketing-africa-middle-east-turkey/,2306098911w,2023-01-09,2023-01-17,expired
Gulf &#x2013; Oncology MSL,Astrazeneca,https://careers.astrazeneca.com//job/dubai/gulf-oncology-msl/7684/42837415168,42837415168,2023-01-10,2023-01-23,expired
MERA-Saudi Arabia BAI Lead,Pfizer,https://pfizer.wd1.myworkdayjobs.com/ru-RU/PfizerCareers/job/United-Arab-Emirates---Dubai/MERA-Saudi-Arabia-BAI-Lead_4875380-1,4875380,2023-01-10,2023-01-24,expired
Regional Brand Activation Manager,Jonson Jonson,https://jobs.jnj.com//en/jobs/2206062238w/regional-brand-activation-manager/,2206062238w,2023-01-10,2023-01-18,expired
Gulf Regulatory Affairs Associate Director,Astrazeneca,https://careers.astrazeneca.com//job/dubai/gulf-regulatory-affairs-associate-director/7684/42917140912,42917140912,2023-01-11,2023-01-13,expired
MSL &#x2013;  Immuno-Oncology,Astrazeneca,https://careers.astrazeneca.com//job/dubai/msl-immuno-oncology/7684/42917140032,42917140032,2023-01-11,2023-01-21,expired
Sales Manager Gulf - Saphnelo,Astrazeneca,https://careers.astrazeneca.com//job/dubai/sales-manager-gulf-saphnelo/7684/42917108768,42917108768,2023-01-11,2023-01-17,expired
RTAL mRNA MERA,Pfizer,https://pfizer.wd1.myworkdayjobs.com/ru-RU/PfizerCareers/job/United-Arab-Emirates---Dubai/RTAL-mRNA-MERA_4874404-1,4874404,2023-01-11,2023-01-20,expired
"Product Manager, Bio, UAE",Novartis,https://www.novartis.com/careers/career-search/job-details/362009br/product-manager-bio-uae,362009br,2023-01-17,2023-06-20,expired
Receptionist (Fixed term contractor),Roche,https://careers.roche.com/global/en/job/ROCHGLOBAL202301101367EXTERNALENGLOBAL,ROCHGLOBAL202301101367EXTERNALENGLOBAL,2023-01-17,2023-01-25,expired
CNS Product Specialist,Jonson Jonson,https://jobs.jnj.com//en/jobs/2306099970w/cns-product-specialist/,2306099970w,2023-01-17,2023-01-25,expired
Marketing Intern,Sanofi,https://en.jobs.sanofi.com/job/dubai/marketing-intern/20873/43174966112,43174966112,2023-01-18,2023-02-04,expired
"BPA Manager, Gulf",Novartis,https://www.novartis.com/careers/career-search/job-details/362196br/bpa-manager-gulf,362196br,2023-01-19,2023-03-25,expired
Head of Market Access,Boehringer Ingelheim,https://tas-boehringer.taleo.net/careersection/global+template+career+section+28external29/jobdetail.ftl?job=230270,230270,2023-01-20,2023-03-18,expired
OSCD Marketing Director,Novo Nordisk,https://www.novonordisk.com/content/nncorp/global/en/careers/find-a-job/job-ad.271467.en_GB.html,271467.en_GB,2023-01-20,2023-02-04,expired
Medical Representative,Astrazeneca,https://careers.astrazeneca.com//job/dubai/medical-representative/7684/43494227664,43494227664,2023-01-23,2023-01-28,expired
Therapeutic Area Partner - Oncology UAE,Novartis,https://www.novartis.com/careers/career-search/job-details/362682br/therapeutic-area-partner-oncology-uae,362682br,2023-01-24,2023-02-04,expired
Immunology Product Specialist,Jonson Jonson,https://jobs.jnj.com//en/jobs/2306102509w/immunology-product-specialist/,2306102509w,2023-01-24,2023-02-04,expired
Medical Science Liaison - Oncology,Astrazeneca,https://careers.astrazeneca.com//job/dubai/medical-science-liaison-oncology/7684/43626982416,43626982416,2023-01-25,2023-02-04,expired
Oncology Product Specialist,Astrazeneca,https://careers.astrazeneca.com//job/dubai/oncology-product-specialist/7684/43626964928,43626964928,2023-01-25,2023-02-06,expired
"E-commerce Manager, Gulf",Jonson Jonson,https://jobs.jnj.com//en/jobs/2306099884w/e-commerce-manager-gulf/,2306099884w,2023-01-25,2023-02-04,expired
Medical Advisor,Novartis,https://www.novartis.com/careers/career-search/job-details/363535br/medical-advisor,363535br,2023-02-04,2023-03-25,expired
"Legal Counsel, AME",Novartis,https://www.novartis.com/careers/career-search/job-details/363378br/legal-counsel-ame,363378br,2023-02-04,2023-03-09,expired
CVRM Product Specialist,Astrazeneca,https://careers.astrazeneca.com//job/dubai/cvrm-product-specialist/7684/43979440624,43979440624,2023-02-04,2023-02-06,expired
Gulf Regulatory Affairs Associate Director,Astrazeneca,https://careers.astrazeneca.com//job/dubai/gulf-regulatory-affairs-associate-director/7684/43922726432,43922726432,2023-02-04,2023-02-08,expired
GCC Franchise Head Rare Disease,Astrazeneca,https://careers.astrazeneca.com//job/dubai/gcc-franchise-head-rare-disease/7684/43922711616,43922711616,2023-02-04,2023-02-11,expired
GCC Market Access and Diagnostics Head &#x2013; Rare Disease,Astrazeneca,https://careers.astrazeneca.com//job/dubai/gcc-market-access-and-diagnostics-head-rare-disease/7684/43922710656,43922710656,2023-02-04,2023-02-11,expired
"Product Specialist, CVRM",Astrazeneca,https://careers.astrazeneca.com//job/abu-dhabi/product-specialist-cvrm/7684/43949307760,43949307760,2023-02-04,2023-02-06,expired
MERA Business Service Manager,Pfizer,https://pfizer.wd1.myworkdayjobs.com/ru-RU/PfizerCareers/job/Nigeria---Lagos/MERA-Business-Service-Manager_4877150,4877150,2023-02-04,2023-02-10,expired
Communications and Public Affairs Intern AMET,Jonson Jonson,https://jobs.jnj.com//en/jobs/00001iwj/communications-and-public-affairs-intern-amet/,00001iwj,2023-02-04,2023-02-10,expired
Immunology Product Specialist (Fixed-Term),Jonson Jonson,https://jobs.jnj.com//en/jobs/2306103738w/immunology-product-specialist-fixed-term/,2306103738w,2023-02-04,2023-02-07,expired
Financial Analyst Intern,Jonson Jonson,https://jobs.jnj.com//en/jobs/2206091530w/financial-analyst-intern/,2206091530w,2023-02-04,2023-02-14,expired
Regulatory Affairs Executive - CD&O,Boehringer Ingelheim,https://tas-boehringer.taleo.net/careersection/global+template+career+section+28external29/jobdetail.ftl?job=230903,230903,2023-02-04,2023-02-18,expired
Regional Product Manager (Pets Business) ,Boehringer Ingelheim,https://tas-boehringer.taleo.net/careersection/global+template+career+section+28external29/jobdetail.ftl?job=230399,230399,2023-02-04,2023-02-20,expired
Government Operations Manager,GSK,https://gsk.wd5.myworkdayjobs.com/en-us/GSKCareers/job/UAE---Dubai/Government-Operations-Manager_360152,360152,2023-02-06,2023-05-09,expired
Assistant Brand manager - intern,Jonson Jonson,https://jobs.jnj.com//en/jobs/2206095531w/assistant-brand-manager-intern/,2206095531w,2023-02-06,2023-02-11,expired
Patient Safety Specialist,Novartis,https://www.novartis.com/careers/career-search/job-details/363740br/patient-safety-specialist,363740br,2023-02-08,2023-03-25,expired
"QA Head, Middle East",Novartis,https://www.novartis.com/careers/career-search/job-details/363743br/qa-head-middle-east,363743br,2023-02-08,2023-02-23,expired
"Medical Lead PPH, Greater Gulf",Sanofi,https://en.jobs.sanofi.com/job/dubai/medical-lead-pph-greater-gulf/20873/44277070192,44277070192,2023-02-08,2023-02-15,expired
"Director, Corporate Communications, International",Astrazeneca,https://careers.astrazeneca.com//job/singapore/director-corporate-communications-international/7684/44373516960,44373516960,2023-02-09,2023-02-24,expired
"Sales Development &amp; Training Manager, EMEA",Jonson Jonson,https://jobs.jnj.com//en/jobs/2306104875w/sales-development-training-manager-emea/,2306104875w,2023-02-09,2023-02-20,expired
Therapeutic Area Partner Ophthalmology (Abu Dhabi),Novartis,https://www.novartis.com/careers/career-search/job-details/364174br/therapeutic-area-partner-ophthalmology-abu-dhabi,364174br,2023-02-10,2023-02-20,expired
Finance Intern,Boehringer Ingelheim,https://tas-boehringer.taleo.net/careersection/global+template+career+section+28external29/jobdetail.ftl?job=231572,231572,2023-02-13,2023-02-28,expired
General Medicine Omnichannel Transformation Excellence Lead (Greater Gulf),Sanofi,https://en.jobs.sanofi.com/job/dubai/general-medicine-omnichannel-transformation-excellence-lead-greater-gulf/20873/44619595104,44619595104,2023-02-15,2023-03-02,expired
Regulatory Affairs Intern,Boehringer Ingelheim,https://tas-boehringer.taleo.net/careersection/global+template+career+section+28external29/jobdetail.ftl?job=231227,231227,2023-02-15,2023-03-01,expired
Senior Product Specialist &#x2013; Saphnelo,Astrazeneca,https://careers.astrazeneca.com//job/dubai/senior-product-specialist-saphnelo/7684/44709771632,44709771632,2023-02-16,2023-02-23,expired
HCC Manager GCC and NEMA,Jonson Jonson,https://jobs.jnj.com//en/jobs/2306105201w/hcc-manager-gcc-and-nema/,2306105201w,2023-02-16,2023-02-17,expired
Credit Controller,Jonson Jonson,https://jobs.jnj.com//en/jobs/2306106466w/credit-controller/,2306106466w,2023-02-20,2023-03-09,expired
Regional Product Manager - Poultry IMETA,Boehringer Ingelheim,https://tas-boehringer.taleo.net/careersection/global+template+career+section+28external29/jobdetail.ftl?job=230840,230840,2023-02-20,2023-03-14,expired
Therapeutic Area Partner Immunology (Abu Dhabi),Novartis,https://www.novartis.com/careers/career-search/job-details/365463br/therapeutic-area-partner-immunology-abu-dhabi,365463br,2023-02-23,2023-03-04,expired
Senior Product Specialist Metabolic &#x2013; Rare Disease,Astrazeneca,https://careers.astrazeneca.com//job/dubai/senior-product-specialist-metabolic-rare-disease/7684/45007054624,45007054624,2023-02-23,2023-03-04,expired
Senior Product Specialist Neurology - Rare Disease,Astrazeneca,https://careers.astrazeneca.com//job/dubai/senior-product-specialist-neurology-rare-disease/7684/45007054336,45007054336,2023-02-23,2023-03-04,expired
Order Management Coordinator,Boehringer Ingelheim,https://tas-boehringer.taleo.net/careersection/global+template+career+section+28external29/jobdetail.ftl?job=231740,231740,2023-02-23,2023-03-04,expired
Demand Management Specialist,Boehringer Ingelheim,https://tas-boehringer.taleo.net/careersection/global+template+career+section+28external29/jobdetail.ftl?job=232046,232046,2023-02-23,2023-03-04,expired
Senior Product Specialist Complement &#x2013; Rare Disease,Astrazeneca,https://careers.astrazeneca.com//job/dubai/senior-product-specialist-complement-rare-disease/7684/45054230016,45054230016,2023-02-24,2023-03-06,expired
SBS People Services ELC/C2R &amp; On-Site Service Delivery &#x2013; Gulf,Sanofi,https://en.jobs.sanofi.com/job/dubai/sbs-people-services-elc-c2r-and-on-site-service-delivery-gulf/20873/45039517776,45039517776,2023-02-24,2023-02-26,expired
"Omnichannel Manager, Gulf Cluster",Pfizer,https://pfizer.wd1.myworkdayjobs.com/ru-RU/PfizerCareers/job/United-Arab-Emirates---Dubai/Omnichannel-Manager--Gulf-Cluster_4879128,4879128,2023-02-27,2023-03-09,expired
Territory Manager,Jonson Jonson,https://jobs.jnj.com//en/jobs/2306107330w/territory-manager/,2306107330w,2023-03-01,2023-03-28,expired
Legal Counsel &#x2013; Middle East,Sanofi,https://en.jobs.sanofi.com/job/dubai/legal-counsel-middle-east/20873/45283809168,45283809168,2023-03-01,2023-03-02,expired
Marketing Intern,Sanofi,https://en.jobs.sanofi.com/job/dubai/marketing-intern/20873/45380547120,45380547120,2023-03-04,2023-03-12,expired
GCC Manager Financial Controlling,Astrazeneca,https://careers.astrazeneca.com//job/dubai/gcc-manager-financial-controlling/7684/45709290448,45709290448,2023-03-09,2023-03-17,expired
Head of Medical Evidence Generation-GCC,Astrazeneca,https://careers.astrazeneca.com//job/dubai/head-of-medical-evidence-generation-gcc/7684/45666984176,45666984176,2023-03-09,2023-03-17,expired
Medical Representative,Astrazeneca,https://careers.astrazeneca.com//job/abu-dhabi/medical-representative/7684/45666983712,45666983712,2023-03-09,2023-03-17,expired
Professional Health Representative - Neurosciences,Pfizer,https://pfizer.wd1.myworkdayjobs.com/ru-RU/PfizerCareers/job/United-Arab-Emirates---Dubai/Professional-Health-Representative---Neurosciences_4879753-1,4879753,2023-03-09,2023-03-20,expired
Account Management Associate,Pfizer,https://pfizer.wd1.myworkdayjobs.com/ru-RU/PfizerCareers/job/United-Arab-Emirates---Dubai/Account-Management-Associate_4880100,4880100,2023-03-09,2023-03-13,expired
Field Service Installation Specialist,Roche,https://careers.roche.com/global/en/job/ROCHGLOBAL202202106950EXTERNALENGLOBAL,ROCHGLOBAL202202106950EXTERNALENGLOBAL,2023-03-09,2023-03-17,expired
"Territory Manager, Sports Medicine",Jonson Jonson,https://jobs.jnj.com//en/jobs/2306109165w/territory-manager-sports-medicine/,2306109165w,2023-03-09,2023-03-17,expired
Country Manager-Qatar,Astrazeneca,https://careers.astrazeneca.com//job/dubai/country-manager-qatar/7684/45715409984,45715409984,2023-03-10,2023-03-17,expired
Senior Brand Manager-GCC,Astrazeneca,https://careers.astrazeneca.com//job/dubai/senior-brand-manager-gcc/7684/45715407216,45715407216,2023-03-10,2023-03-17,expired
Rare Disease Medical Manager Neuro/Kose,Astrazeneca,https://careers.astrazeneca.com//job/dubai/rare-disease-medical-manager-neuro-kose/7684/45877389424,45877389424,2023-03-13,2023-03-20,expired
Medical Advisor Complement Gulf,Astrazeneca,https://careers.astrazeneca.com//job/abu-dhabi/medical-advisor-complement-gulf/7684/45877383856,45877383856,2023-03-13,2023-03-28,expired
MSL Metabolic Dubai,Astrazeneca,https://careers.astrazeneca.com//job/dubai/msl-metabolic-dubai/7684/45906483888,45906483888,2023-03-14,2023-03-25,expired
Therapeutic Area Partner - Primary Care (Abu Dhabi),Novartis,https://www.novartis.com/careers/career-search/job-details/367923br/therapeutic-area-partner-primary-care-abu-dhabi,367923br,2023-03-17,2023-03-25,expired
Customer partner MassSpec,Roche,https://careers.roche.com/global/en/job/ROCHGLOBAL202302104904EXTERNALENGLOBAL,ROCHGLOBAL202302104904EXTERNALENGLOBAL,2023-03-17,2023-04-12,expired
Product Specialist Internship H/F,Jonson Jonson,https://jobs.jnj.com//en/jobs/2306108529w/product-specialist-internship-h-f/,2306108529w,2023-03-17,2023-04-19,expired
Key Account Manager,Sanofi,https://en.jobs.sanofi.com/job/dubai/key-account-manager/20873/46008397392,46008397392,2023-03-17,2023-03-25,expired
Head of Corporate Affairs IMETA,Boehringer Ingelheim,https://tas-boehringer.taleo.net/careersection/global+template+career+section+28external29/jobdetail.ftl?job=233397,233397,2023-03-18,2023-04-06,expired
A2R Accountant,Sanofi,https://en.jobs.sanofi.com/job/dubai/a2r-accountant/20873/46201717520,46201717520,2023-03-20,2023-03-25,expired
Sr Manager Procurement APAC CCPM Category,Jonson Jonson,https://jobs.jnj.com//en/jobs/00001j6j/sr-manager-procurement-apac-ccpm-category/,00001j6j,2023-03-21,2023-03-22,expired
Sr Manager Procurement APAC CCPM Category,Jonson Jonson,https://jobs.jnj.com//en/jobs/00001j6i/sr-manager-procurement-apac-ccpm-category/,00001j6i,2023-03-21,2023-03-22,expired
Sr Manager Procurement APAC CCPM Category,Jonson Jonson,https://jobs.jnj.com//en/jobs/00001j6h/sr-manager-procurement-apac-ccpm-category/,00001j6h,2023-03-21,2023-03-22,expired
Sr Manager Procurement APAC CCPM Category,Jonson Jonson,https://jobs.jnj.com//en/jobs/00001j6g/sr-manager-procurement-apac-ccpm-category/,00001j6g,2023-03-21,2023-03-22,expired
Technical Expert Bioassay,Jonson Jonson,https://jobs.jnj.com//en/jobs/2306112625w/technical-expert-bioassay/,2306112625w,2023-03-21,2023-03-22,expired
Staff Supplier Quality Development Engineer,Jonson Jonson,https://jobs.jnj.com//en/jobs/2306112654w/staff-supplier-quality-development-engineer/,2306112654w,2023-03-21,2023-03-22,expired
QP Team Lead (Acting),Jonson Jonson,https://jobs.jnj.com//en/jobs/2306112588w/qp-team-lead-acting/,2306112588w,2023-03-21,2023-03-22,expired
"Senior Analyst, Health Care Compliance, Global Operations (CTI) ASPAC",Jonson Jonson,https://jobs.jnj.com//en/jobs/2306112573w/senior-analyst-health-care-compliance-global-operations-cti-aspac/,2306112573w,2023-03-21,2023-03-22,expired
Data &amp; Analytics Solution Expert,Jonson Jonson,https://jobs.jnj.com//en/jobs/2306112552w/data-analytics-solution-expert/,2306112552w,2023-03-21,2023-03-22,expired
Associate IT Director,Jonson Jonson,https://jobs.jnj.com//en/jobs/2306112557w/associate-it-director/,2306112557w,2023-03-21,2023-03-22,expired
"Oncology Sales Specialist, Solid Tumor (Nashville, TN) Janssen Biotech, Inc.",Jonson Jonson,https://jobs.jnj.com//en/jobs/2306111126w/oncology-sales-specialist-solid-tumor-nashville-tn-janssen-biotech-inc/,2306111126w,2023-03-21,2023-03-22,expired
Site Manager,Jonson Jonson,https://jobs.jnj.com//en/jobs/2306111685w/site-manager/,2306111685w,2023-03-21,2023-03-22,expired
Senior Site Manager,Jonson Jonson,https://jobs.jnj.com//en/jobs/2306111676w/senior-site-manager/,2306111676w,2023-03-21,2023-03-22,expired
Senior Site Manager,Jonson Jonson,https://jobs.jnj.com//en/jobs/2306111678w/senior-site-manager/,2306111678w,2023-03-21,2023-03-22,expired
Lead Technology Auditor (1 of 2),Jonson Jonson,https://jobs.jnj.com//en/jobs/2306112535w/lead-technology-auditor-1-of-2/,2306112535w,2023-03-21,2023-03-22,expired
District Account Manager,Jonson Jonson,https://jobs.jnj.com//en/jobs/2306112521w/district-account-manager/,2306112521w,2023-03-21,2023-03-22,expired
"Sales Associate (Trauma) – Indianapolis, IN – DePuy Spine Limited Partnership",Jonson Jonson,https://jobs.jnj.com//en/jobs/2306112433w/sales-associate-trauma-indianapolis-in-depuy-spine-limited-partnership/,2306112433w,2023-03-21,2023-03-22,expired
"Sales Associate (Trauma) – Lexington, KY – DePuy Spine Limited Partnership ",Jonson Jonson,https://jobs.jnj.com//en/jobs/2306112458w/sales-associate-trauma-lexington-ky-depuy-spine-limited-partnership/,2306112458w,2023-03-21,2023-03-22,expired
Global Demand Planning Analyst,Jonson Jonson,https://jobs.jnj.com//en/jobs/2306112493w/global-demand-planning-analyst/,2306112493w,2023-03-21,2023-03-22,expired
Representante de Ventas Oncologia Rep. Dom,Jonson Jonson,https://jobs.jnj.com//en/jobs/2306111912w/representante-de-ventas-oncologia-rep-dom/,2306111912w,2023-03-21,2023-03-22,expired
"Africa QA Manager, Health",Novartis,https://www.novartis.com/careers/career-search/job-details/368434br/africa-qa-manager-health,368434br,2023-03-22,2023-04-22,expired
Regional Supply Chain Senior Specialist,Roche,https://careers.roche.com/global/en/job/ROCHGLOBAL202303106068EXTERNALENGLOBAL,ROCHGLOBAL202303106068EXTERNALENGLOBAL,2023-03-22,2023-03-25,expired
Informatics Partner,Roche,https://careers.roche.com/global/en/job/ROCHGLOBAL202303106204EXTERNALENGLOBAL,ROCHGLOBAL202303106204EXTERNALENGLOBAL,2023-03-25,2023-04-08,expired
"Therapeutic Area Medical Head, Gulf Cluster",Novartis,https://www.novartis.com/careers/career-search/job-details/368898br/therapeutic-area-medical-head-gulf-cluster,368898br,2023-03-28,2023-04-12,expired
CSR Intern,Sanofi,https://en.jobs.sanofi.com/job/dubai/csr-intern/20873/46532659472,46532659472,2023-03-28,2023-05-01,expired
Primary Care Specialist,Sanofi,https://en.jobs.sanofi.com/job/dubai/primary-care-specialist/20873/46532662800,46532662800,2023-03-28,2023-04-06,expired
"Manager, Corporate Investigations EMEA",GSK,https://gsk.wd5.myworkdayjobs.com/en-us/GSKCareers/job/UAE---Dubai/Manager--Corporate-Investigations-EMEA_366091,366091,2023-03-30,2023-04-08,expired
Business Unit Manager - Oncology,GSK,https://gsk.wd5.myworkdayjobs.com/en-us/GSKCareers/job/UAE---Dubai/Business-Unit-Manager---Oncology_366373,366373,2023-03-30,2023-05-16,expired
Medical Representative-Diabetes,Novo Nordisk,https://www.novonordisk.com/content/nncorp/global/en/careers/find-a-job/job-ad.277127.en_GB.html,277127.en_GB,2023-03-30,2023-04-08,expired
Floating Medical Representative ABU DHABI - Contractor,Pfizer,https://pfizer.wd1.myworkdayjobs.com/ru-RU/PfizerCareers/job/United-Arab-Emirates---Dubai/Floating-Medical-Representative-ABU-DHABI---Contractor_4881877,4881877,2023-04-03,2023-04-13,expired
Floating Medical Representative DUBAI - Contractor,Pfizer,https://pfizer.wd1.myworkdayjobs.com/ru-RU/PfizerCareers/job/United-Arab-Emirates---Dubai/Floating-Medical-Representative-DUBAI---Contractor_4881873,4881873,2023-04-03,2023-04-12,expired
Regional Clinical Trial Manager,Boehringer Ingelheim,https://tas-boehringer.taleo.net/careersection/global+template+career+section+28external29/jobdetail.ftl?job=233859,233859,2023-04-03,2023-05-11,expired
Product Manager- Acute & Legacy Brand,GSK,https://gsk.wd5.myworkdayjobs.com/en-us/GSKCareers/job/UAE---Dubai/Product-Manager--Acute---Legacy-Brand_367099,367099,2023-04-04,2023-04-12,expired
Therapeutic Area Partner - Primary Care (Dubai),Novartis,https://www.novartis.com/careers/career-search/job-details/369711br/therapeutic-area-partner-primary-care-dubai,369711br,2023-04-04,2023-04-19,expired
GCC Demand Planning Manager,Astrazeneca,https://careers.astrazeneca.com//job/dubai/gcc-demand-planning-manager/7684/47010750624,47010750624,2023-04-06,2023-04-14,expired
People Experience (HR) Manager Gulf,Pfizer,https://pfizer.wd1.myworkdayjobs.com/ru-RU/PfizerCareers/job/United-Arab-Emirates---Dubai/People-Experience--HR--Manager-Gulf_4882361,4882361,2023-04-06,2023-04-20,expired
In-house Legal Counsel (Outsourced),Roche,https://careers.roche.com/global/en/job/ROCHGLOBAL202208129949EXTERNALENGLOBAL,ROCHGLOBAL202208129949EXTERNALENGLOBAL,2023-04-06,2023-04-18,expired
Zone Shopper Lead,Sanofi,https://en.jobs.sanofi.com/job/jeddah/zone-shopper-lead/20873/46969226592,46969226592,2023-04-06,2023-04-08,expired
Tenders and Account Management Lead,Pfizer,https://pfizer.wd1.myworkdayjobs.com/ru-RU/PfizerCareers/job/United-Arab-Emirates---Dubai/Tenders-and-Account-Management-Lead_4882569-1,4882569,2023-04-08,2023-04-22,expired
Zone Shopper Lead,Sanofi,https://en.jobs.sanofi.com/job/jeddah/zone-shopper-lead/20873/47066561600,47066561600,2023-04-08,2023-04-26,expired
Product Specialist-Enhertu,Astrazeneca,https://careers.astrazeneca.com//job/dubai/product-specialist-enhertu/7684/47226630864,47226630864,2023-04-10,2023-04-16,expired
"Sports Medicine Territory Manager, UAE",Jonson Jonson,https://jobs.jnj.com//en/jobs/2306116053w/sports-medicine-territory-manager-uae/,2306116053w,2023-04-12,2023-04-20,expired
Medical Science Liaison - Oncology,Jonson Jonson,https://jobs.jnj.com//en/jobs/2306116439w/medical-science-liaison-oncology/,2306116439w,2023-04-13,2023-04-22,expired
Employee Relations Lead,Astrazeneca,https://careers.astrazeneca.com//job/dubai/employee-relations-lead/7684/47548729104,47548729104,2023-04-17,2023-04-24,expired
Therapeutic Area Partner Oncology ( Breast Cancer) UAE,Novartis,https://www.novartis.com/careers/career-search/job-details/371190br/therapeutic-area-partner-oncology-breast-cancer-uae,371190br,2023-04-18,2023-04-26,expired
"Regional Regulatory Strategist (Senior Manager), Rare Disease",Pfizer,https://pfizer.wd1.myworkdayjobs.com/ru-RU/PfizerCareers/job/Egypt---Cairo/Regional-Regulatory-Strategist--Senior-Manager---Rare-Disease_4883184,4883184,2023-04-18,2023-05-05,expired
Head of Business Operations &amp; Planning Vaccines Greater Gulf MCO,Sanofi,https://en.jobs.sanofi.com/job/dubai/head-of-business-operations-and-planning-vaccines-greater-gulf-mco/20873/47525974688,47525974688,2023-04-18,2023-04-19,expired
Head of Medical Evidence Generation-GCC,Astrazeneca,https://careers.astrazeneca.com//job/jeddah/head-of-medical-evidence-generation-gcc/7684/47647173312,47647173312,2023-04-19,2023-04-27,expired
Product Specialist Internship,Jonson Jonson,https://jobs.jnj.com//en/jobs/2306108532w/product-specialist-internship/,2306108532w,2023-04-19,2023-05-23,expired
Medical Representative - Dubai,GSK,https://gsk.wd5.myworkdayjobs.com/en-us/GSKCareers/job/UAE---Dubai/Medical-Representative_367120-1,367120,2023-04-20,2023-05-31,expired
"Brand Manager – Advanced Breast Cancer, Gulf Cluster",Novartis,https://www.novartis.com/careers/career-search/job-details/372330br/brand-manager-advanced-breast-cancer-gulf-cluster,372330br,2023-04-27,2023-05-12,expired
"Medical Lead – Radioligand (Oncology Therapeutic Area), Gulf Cluster",Novartis,https://www.novartis.com/careers/career-search/job-details/372329br/medical-lead-radioligand-oncology-therapeutic-area-gulf-cluster,372329br,2023-04-27,2023-05-12,expired
"Product Specialist, Tezspire",Astrazeneca,https://careers.astrazeneca.com//job/dubai/product-specialist-tezspire/7684/48011401408,48011401408,2023-04-27,2023-05-05,expired
"Sales Manager Gulf, Tezspire",Astrazeneca,https://careers.astrazeneca.com//job/dubai/sales-manager-gulf-tezspire/7684/48011391616,48011391616,2023-04-27,2023-05-04,expired
GCC Market Access and Diagnostics Head &#x2013; Rare Disease,Astrazeneca,https://careers.astrazeneca.com//job/dubai/gcc-market-access-and-diagnostics-head-rare-disease/7684/48011390064,48011390064,2023-04-27,2023-05-06,expired
"Product Specialist, Tezspire",Astrazeneca,https://careers.astrazeneca.com//job/abu-dhabi/product-specialist-tezspire/7684/48011398224,48011398224,2023-04-27,2023-05-05,expired
Country Brand Manager (CONTRACTOR),Pfizer,https://pfizer.wd1.myworkdayjobs.com/ru-RU/PfizerCareers/job/United-Arab-Emirates---Dubai/Country-Brand-Manager--CONTRACTOR-_4883868,4883868,2023-04-27,2023-05-04,expired
Medical Representative,Astrazeneca,https://careers.astrazeneca.com//job/dubai/medical-representative/7684/48225392784,48225392784,2023-05-01,2023-05-08,expired
Senior Hybrid Health Representative,Pfizer,https://pfizer.wd1.myworkdayjobs.com/ru-RU/PfizerCareers/job/United-Arab-Emirates---Dubai/Senior-Hybrid-Health-Representative_4883158-1,4883158,2023-05-01,,current
Territory Manager,Jonson Jonson,https://jobs.jnj.com//en/jobs/2306116443w/territory-manager/,2306116443w,2023-05-01,2023-05-09,expired
"Medical Representative, UAE",Novartis,https://www.novartis.com/careers/career-search/job-details/372641br/medical-representative-uae,372641br,2023-05-03,2023-05-14,expired
Medical Lead Breast Cancer Gulf,Novartis,https://www.novartis.com/careers/career-search/job-details/372570br/medical-lead-breast-cancer-gulf,372570br,2023-05-03,2023-05-13,expired
Regulatory Affairs Associate - 3rd Party Contract,Novartis,https://www.novartis.com/careers/career-search/job-details/372541br/regulatory-affairs-associate-3rd-party-contract,372541br,2023-05-03,2023-05-09,expired
Complement - First Line Sales manager- Gulf,Astrazeneca,https://careers.astrazeneca.com//job/dubai/complement-first-line-sales-manager-gulf/7684/48249992480,48249992480,2023-05-03,2023-05-08,expired
Metabolic - First Line Sales manager,Astrazeneca,https://careers.astrazeneca.com//job/dubai/metabolic-first-line-sales-manager/7684/48249980272,48249980272,2023-05-03,2023-05-08,expired
Executive Assistant Government Affairs &amp; Policy  Emerging Markets,Jonson Jonson,https://jobs.jnj.com//en/jobs/2306118221w/executive-assistant-government-affairs-policy-emerging-markets/,2306118221w,2023-05-03,2023-05-29,expired
Primary Care Specialist,Sanofi,https://en.jobs.sanofi.com/job/dubai/primary-care-specialist/20873/48331688576,48331688576,2023-05-04,2023-05-17,expired
Vaccine Account Manager,GSK,https://gsk.wd5.myworkdayjobs.com/en-us/GSKCareers/job/UAE---Dubai/Vaccine-Account-Manager_369652-1,369652,2023-05-05,2023-05-11,expired
Vaccine Account Manager,GSK,https://gsk.wd5.myworkdayjobs.com/en-us/GSKCareers/job/UAE---Dubai/Vaccine-Account-Manager_369651-1,369651,2023-05-05,2023-05-11,expired
Senior Product Specialist Complement &#x2013; Rare Disease,Astrazeneca,https://careers.astrazeneca.com//job/dubai/senior-product-specialist-complement-rare-disease/7684/48377073648,48377073648,2023-05-05,2023-05-09,expired
Senior Product Specialist Complement &#x2013; Rare Disease,Astrazeneca,https://careers.astrazeneca.com//job/dubai/senior-product-specialist-complement-rare-disease/7684/48703171616,48703171616,2023-05-11,2023-05-25,expired
Senior Product Specialist Neurology - Rare Disease,Astrazeneca,https://careers.astrazeneca.com//job/dubai/senior-product-specialist-neurology-rare-disease/7684/48701763456,48701763456,2023-05-11,2023-05-18,expired
Product Specialist-Enhertu,Astrazeneca,https://careers.astrazeneca.com//job/dubai/product-specialist-enhertu/7684/48656121360,48656121360,2023-05-11,2023-05-20,expired
Market Access Manager - Gulf,Astrazeneca,https://careers.astrazeneca.com//job/dubai/market-access-manager-gulf/7684/48633022208,48633022208,2023-05-11,2023-05-19,expired
Metabolic - First Line Sales manager,Astrazeneca,https://careers.astrazeneca.com//job/dubai/metabolic-first-line-sales-manager/7684/48633017312,48633017312,2023-05-11,2023-05-13,expired
GCC Diagnostics Manager,Astrazeneca,https://careers.astrazeneca.com//job/dubai/gcc-diagnostics-manager/7684/48633017280,48633017280,2023-05-11,2023-05-19,expired
Complement - First Line Sales manager- Gulf,Astrazeneca,https://careers.astrazeneca.com//job/dubai/complement-first-line-sales-manager-gulf/7684/48617823360,48617823360,2023-05-11,2023-05-13,expired
GBS (Global Business Services) Credit &amp; Revenue Partner - United Arab Emirates &amp; Saudi Arabia,Sanofi,https://en.jobs.sanofi.com/job/dubai/gbs-global-business-services-credit-and-revenue-partner-united-arab-emirates-and-saudi-arabia/20873/48665266016,48665266016,2023-05-11,2023-05-17,expired
Head of Business Operations &amp; Planning Vaccines Greater Gulf MCO,Sanofi,https://en.jobs.sanofi.com/job/dubai/head-of-business-operations-and-planning-vaccines-greater-gulf-mco/20873/48648700752,48648700752,2023-05-11,2023-05-14,expired
Branding Sr. Specialist -Global Talent Acquisition,Merk,https://msd.wd5.myworkdayjobs.com/en-US/SearchJobs/job/USA---New-Jersey---Rahway/Branding-Sr-Specialist--Global-Talent-Acquisition_R239351-1,R239351,2023-05-12,2023-05-31,expired
Omnichannel Lead - VIE Contract (W/M),Sanofi,https://en.jobs.sanofi.com/job/dubai/omnichannel-lead-vie-contract-w-m/20873/48712473440,48712473440,2023-05-12,2023-05-18,expired
"Data Privacy, Digital - AI (DPDAI) Head - MEA Cluster",Novartis,https://www.novartis.com/careers/career-search/job-details/374152br/data-privacy-digital-ai-dpdai-head-mea-cluster,374152br,2023-05-16,2023-06-20,expired
Senior Product Specialist Neurology,Astrazeneca,https://careers.astrazeneca.com//job/dubai/senior-product-specialist-neurology/7684/48913781648,48913781648,2023-05-16,2023-05-31,expired
Senior Product Specialist Complement,Astrazeneca,https://careers.astrazeneca.com//job/dubai/senior-product-specialist-complement/7684/48913779824,48913779824,2023-05-16,2023-05-31,expired
Senior Product Specialist Metabolic,Astrazeneca,https://careers.astrazeneca.com//job/dubai/senior-product-specialist-metabolic/7684/48913778096,48913778096,2023-05-16,2023-05-31,expired
"Legal, Ethics and Compliance Manager",Novo Nordisk,https://www.novonordisk.com/content/nncorp/global/en/careers/find-a-job/job-ad.278576.en_GB.html,278576.en_GB,2023-05-16,2023-05-31,expired
GCC CFO,Astrazeneca,https://careers.astrazeneca.com//job/dubai/gcc-cfo/7684/48983640160,48983640160,2023-05-17,2023-05-26,expired
Emerging Gulf Country Director,Astrazeneca,https://careers.astrazeneca.com//job/dubai/emerging-gulf-country-director/7684/48983636832,48983636832,2023-05-17,2023-05-28,expired
Key Account Manager,Sanofi,https://en.jobs.sanofi.com/job/dubai/key-account-manager/20873/48945489424,48945489424,2023-05-17,2023-05-23,expired
Project Intern,Novartis,https://www.novartis.com/careers/career-search/job-details/374547br/project-intern,374547br,2023-05-18,2023-05-29,expired
GCC Franchise Head &#x2013; Rare Disease Metabolic,Astrazeneca,https://careers.astrazeneca.com//job/dubai/gcc-franchise-head-rare-disease-metabolic/7684/49032234128,49032234128,2023-05-18,2023-05-29,expired
Omnichannel Lead - VIE Contract (W/M),Sanofi,https://en.jobs.sanofi.com/job/dubai/omnichannel-lead-vie-contract-w-m/20873/49041436160,49041436160,2023-05-19,2023-06-20,expired
Rare Disease Brand Manager - Metabolic,Astrazeneca,https://careers.astrazeneca.com//job/dubai/rare-disease-brand-manager-metabolic/7684/49196411072,49196411072,2023-05-23,2023-06-20,expired
Rare Disease Brand Manager - Complement,Astrazeneca,https://careers.astrazeneca.com//job/dubai/rare-disease-brand-manager-complement/7684/49196410976,49196410976,2023-05-23,2023-06-20,expired
Head of Submission Excellence - Int&#xB4;l Region,Sanofi,https://en.jobs.sanofi.com/job/sao-paulo/head-of-submission-excellence-int-l-region/20873/49353487312,49353487312,2023-05-25,,current
Patient Safety Specialist- Gulf Cluster,Novartis,https://www.novartis.com/careers/career-search/job-details/374879br/patient-safety-specialist-gulf-cluster,374879br,2023-05-31,2023-06-20,expired
"Value Access, Health Economics and Outcomes Research Manager",GSK,https://gsk.wd5.myworkdayjobs.com/en-us/GSKCareers/job/UAE---Dubai/Value-Generation-Medical-Access-Manager_372736,372736,2023-06-20,2023-06-22,expired
Market Access Manager Specialty/Oncology Gulf - Levant,Novartis,https://www.novartis.com/careers/career-search/job-details/376069br/market-access-manager-specialtyoncology-gulf-levant,376069br,2023-06-20,2023-06-22,expired
Field Market Access Manager &#x2013; Gulf,Astrazeneca,https://careers.astrazeneca.com//job/dubai/field-market-access-manager-gulf/7684/50504401264,50504401264,2023-06-20,2023-07-03,expired
GCC Brand Manager,Astrazeneca,https://careers.astrazeneca.com//job/jeddah/gcc-brand-manager/7684/50504401184,50504401184,2023-06-20,2023-07-03,expired
Medical Representative,Astrazeneca,https://careers.astrazeneca.com//job/dubai/medical-representative/7684/50280063104,50280063104,2023-06-20,2023-06-27,expired
Key Account Manager,Astrazeneca,https://careers.astrazeneca.com//job/abu-dhabi/key-account-manager/7684/50325233856,50325233856,2023-06-20,2023-06-29,expired
Medical Representative,Pfizer,https://pfizer.wd1.myworkdayjobs.com/ru-RU/PfizerCareers/job/United-Arab-Emirates---Dubai/Medical-Representative_4887752,4887752,2023-06-20,2023-07-08,expired
Medical Science Liaison,Pfizer,https://pfizer.wd1.myworkdayjobs.com/ru-RU/PfizerCareers/job/United-Arab-Emirates---Dubai/MSL_4887138,4887138,2023-06-20,2023-06-27,expired
Customer Service Coordinator,Pfizer,https://pfizer.wd1.myworkdayjobs.com/ru-RU/PfizerCareers/job/United-Arab-Emirates---Dubai/Customer-Service-Coordinator_4887134,4887134,2023-06-20,2023-06-22,expired
Channel & Content Partner (2 FTE across Middle East),Roche,https://careers.roche.com/global/en/job/ROCHGLOBAL202306114109EXTERNALENGLOBAL,ROCHGLOBAL202306114109EXTERNALENGLOBAL,2023-06-20,2023-06-28,expired
Customer Insights & Analytics Partner (2 FTE across Middle East),Roche,https://careers.roche.com/global/en/job/ROCHGLOBAL202306114110EXTERNALENGLOBAL,ROCHGLOBAL202306114110EXTERNALENGLOBAL,2023-06-20,2023-06-28,expired
Middle East Customer Experience & Omnichannel  Engagement Lead - Location is agnostic within Middle East Region,Roche,https://careers.roche.com/global/en/job/ROCHGLOBAL202306114011EXTERNALENGLOBAL,ROCHGLOBAL202306114011EXTERNALENGLOBAL,2023-06-20,2023-06-28,expired
Pharmacovigilance (PV) Specialist (outsourced),Roche,https://careers.roche.com/global/en/job/ROCHGLOBAL202306114000EXTERNALENGLOBAL,ROCHGLOBAL202306114000EXTERNALENGLOBAL,2023-06-20,2023-06-30,expired
Omnichannel Engagement Enabler (Location is agnostic within Middle East Region),Roche,https://careers.roche.com/global/en/job/ROCHGLOBAL202306114095EXTERNALENGLOBAL,ROCHGLOBAL202306114095EXTERNALENGLOBAL,2023-06-20,2023-06-28,expired
Affiliate Digital Enabler (4 FTE across Middle East),Roche,https://careers.roche.com/global/en/job/ROCHGLOBAL202306114105EXTERNALENGLOBAL,ROCHGLOBAL202306114105EXTERNALENGLOBAL,2023-06-20,2023-06-28,expired
Customer Engagement Operations Partner (location agnostic),Roche,https://careers.roche.com/global/en/job/ROCHGLOBAL202306114112EXTERNALENGLOBAL,ROCHGLOBAL202306114112EXTERNALENGLOBAL,2023-06-20,2023-06-28,expired
Rare Disease (RareD) Business Unit Director,Novo Nordisk,https://www.novonordisk.com/content/nncorp/global/en/careers/find-a-job/job-ad.281033.en_GB.html,281033.en_GB,2023-06-20,2023-06-27,expired
Alzheimer's Marketing Lead,Eli Lilly,https://lilly.wd5.myworkdayjobs.com/LLY/job/Uinted-Arab-Emirates-Dubai/Alzheimer-s-Marketing-Lead_R-50866-1,R-50866,2023-06-20,2023-06-30,expired
Commercial Trade Manager,Astrazeneca,https://careers.astrazeneca.com//job/dubai/commercial-trade-manager/7684/50827984304,50827984304,2023-06-27,2023-07-06,expired
Medical Representative,Astrazeneca,https://careers.astrazeneca.com//job/dubai/medical-representative/7684/50800145440,50800145440,2023-06-27,2023-07-06,expired
Government Affairs Manager &#x2013; Emerging Gulf,Astrazeneca,https://careers.astrazeneca.com//job/dubai/government-affairs-manager-emerging-gulf/7684/50783285328,50783285328,2023-06-27,2023-07-06,expired
GCC Rare Disease Cross-Franchise Strategy &amp; Planning Head,Astrazeneca,https://careers.astrazeneca.com//job/dubai/gcc-rare-disease-cross-franchise-strategy-and-planning-head/7684/50777130992,50777130992,2023-06-27,2023-06-30,expired
Senior Product Specialist Complement &#x2013; Rare Disease,Astrazeneca,https://careers.astrazeneca.com//job/dubai/senior-product-specialist-complement-rare-disease/7684/50777129776,50777129776,2023-06-27,2023-07-10,expired
Medical Representative,Astrazeneca,https://careers.astrazeneca.com//job/abu-dhabi/medical-representative/7684/50821951680,50821951680,2023-06-27,2023-07-06,expired
Business Unit Manager RMS,Roche,https://careers.roche.com/global/en/job/ROCHGLOBAL202306115060EXTERNALENGLOBAL,ROCHGLOBAL202306115060EXTERNALENGLOBAL,2023-06-27,,current
Professional Education Manager Surgical Vision CEEMA,Jonson Jonson,https://jobs.jnj.com//en/jobs/2306126727w/professional-education-manager-surgical-vision-ceema/,2306126727w,2023-06-28,2023-07-08,expired
Marketing Coordinator,Pfizer,https://pfizer.wd1.myworkdayjobs.com/ru-RU/PfizerCareers/job/United-Arab-Emirates---Dubai/Marketing-Coordinator_4889048,4889048,2023-07-03,2023-07-08,expired
"Finance Analyst, Sales &amp; GP",Jonson Jonson,https://jobs.jnj.com//en/jobs/2306129687w/finance-analyst-sales-gp/,2306129687w,2023-07-04,2023-07-12,expired
Supply Chain Manager,Novo Nordisk,https://www.novonordisk.com/content/nncorp/global/en/careers/find-a-job/job-ad.281855.en_GB.html,281855.en_GB,2023-07-04,2023-07-20,expired
Regulatory Affairs Associate,Novartis,https://www.novartis.com/careers/career-search/job-details/378529br/regulatory-affairs-associate,378529br,2023-07-08,2023-07-23,expired
Professional Health Representative - Neurosciences,Pfizer,https://pfizer.wd1.myworkdayjobs.com/ru-RU/PfizerCareers/job/United-Arab-Emirates---Dubai/Professional-Health-Representative---Neurosciences_4889389-1,4889389,2023-07-08,2023-07-23,expired
Key Account Manager,Sanofi,https://en.jobs.sanofi.com/job/dubai/key-account-manager/20873/51270980672,51270980672,2023-07-08,2023-07-11,expired
GCC Manager Financial Controlling,Astrazeneca,https://careers.astrazeneca.com//job/dubai/gcc-manager-financial-controlling/7684/51435046912,51435046912,2023-07-10,2023-07-20,expired
Medical Representative,Astrazeneca,https://careers.astrazeneca.com//job/dubai/medical-representative/7684/51479138032,51479138032,2023-07-11,2023-07-20,expired
GCC Pricing Manager,Astrazeneca,https://careers.astrazeneca.com//job/dubai/gcc-pricing-manager/7684/51479105056,51479105056,2023-07-11,2023-07-20,expired
Regulatory Affairs Manager,Pfizer,https://pfizer.wd1.myworkdayjobs.com/ru-RU/PfizerCareers/job/United-Arab-Emirates---Dubai/Regulatory-Affairs-Manager_4889575,4889575,2023-07-12,,current
Key Account Manager,Sanofi,https://en.jobs.sanofi.com/job/dubai/key-account-manager/20873/51487750256,51487750256,2023-07-12,,current
GCC&amp;P Total Rewards Lead,Astrazeneca,https://careers.astrazeneca.com//job/dubai/gcc-and-p-total-rewards-lead/7684/51545836896,51545836896,2023-07-13,2023-07-20,expired
Sales Intermediaries (SI) Projects Manager MERA,Pfizer,https://pfizer.wd1.myworkdayjobs.com/ru-RU/PfizerCareers/job/Egypt---Cairo/Sales-Intermediaries--SI--Projects-Manager-MERA_4889792,4889792,2023-07-13,2023-07-23,expired
Diabetes Medical Manager,Novo Nordisk,https://www.novonordisk.com/content/nncorp/global/en/careers/find-a-job/job-ad.281250.en_GB.html,281250.en_GB,2023-07-13,,current
"Pricing Manager, Gulf Cluster",Pfizer,https://pfizer.wd1.myworkdayjobs.com/ru-RU/PfizerCareers/job/United-Arab-Emirates---Dubai/Pricing-Manager--Gulf-Cluster_4890246-1,4890246,2023-07-20,,current
Health Representative,Pfizer,https://pfizer.wd1.myworkdayjobs.com/ru-RU/PfizerCareers/job/United-Arab-Emirates---Dubai/Health-Representative_4890250,4890250,2023-07-20,,current
 Working Student Portfolio Management CHC (m/f/d) ,STADA,https://jobs.stada.com/job/Bad-Vilbel-Working-Student-Portfolio-Management-CHC-%28mfd%29-HE-61118/943266501,943266501,2023-07-23,,new
